DROP TABLE SUPPLIER CASCADE CONSTRAINTS PURGE;
DROP TABLE JENIS_BAHAN CASCADE CONSTRAINTS PURGE;
DROP TABLE BAHAN CASCADE CONSTRAINTS PURGE;
DROP TABLE H_BELI_BAHAN CASCADE CONSTRAINTS PURGE;
DROP TABLE D_BELI_BAHAN CASCADE CONSTRAINTS PURGE;
DROP TABLE H_RESEP CASCADE CONSTRAINTS PURGE;
DROP TABLE D_RESEP CASCADE CONSTRAINTS PURGE;
DROP TABLE JENIS_ROTI CASCADE CONSTRAINTS PURGE;
DROP TABLE ROTI CASCADE CONSTRAINTS PURGE;
DROP TABLE JABATAN CASCADE CONSTRAINTS PURGE;
DROP TABLE KARYAWAN CASCADE CONSTRAINTS PURGE;
DROP TABLE PELANGGAN CASCADE CONSTRAINTS PURGE;
DROP TABLE VOUCHER CASCADE CONSTRAINTS PURGE;
DROP TABLE H_TRANS CASCADE CONSTRAINTS PURGE;
DROP TABLE D_TRANS CASCADE CONSTRAINTS PURGE;


CREATE TABLE SUPPLIER (
    ID VARCHAR2(10) PRIMARY KEY,
	KODE VARCHAR2(12) NOT NULL,
    NAMA VARCHAR(100) NOT NULL,
    ALAMAT VARCHAR2(100) NOT NULL,
    EMAIL VARCHAR(50),
    NO_TELP VARCHAR(15) NOT NULL
);

CREATE TABLE JENIS_BAHAN (
    ID VARCHAR2(10) PRIMARY KEY,
    NAMA_JENIS VARCHAR2(100) NOT NULL
);

CREATE TABLE BAHAN(
    ID VARCHAR2(10) PRIMARY KEY,
	KODE VARCHAR2(12) NOT NULL,
    MERK VARCHAR2(50) NOT NULL,
    QTY_STOK NUMBER(10) NOT NULL,
	HARGA NUMBER(10) NOT NULL,
    SATUAN VARCHAR2(10) NOT NULL,
    JENIS_BAHAN VARCHAR(10) REFERENCES JENIS_BAHAN(ID) NOT NULL,
    FK_SUPPLIER VARCHAR2(10) REFERENCES SUPPLIER(ID) NOT NULL,
	PICTURE_LOCATION VARCHAR2(255) NOT NULL
);

CREATE TABLE H_BELI_BAHAN(
    NOMOR_NOTA VARCHAR2(15) PRIMARY KEY,
    TANGGAL_TRANS DATE NOT NULL,
    TOTAL INT NOT NULL,
    FK_SUPPLIER VARCHAR2(10) REFERENCES SUPPLIER(ID)
);

CREATE TABLE D_BELI_BAHAN(
    NOMOR_NOTA VARCHAR2(15) REFERENCES H_BELI_BAHAN(NOMOR_NOTA),
    FK_BAHAN VARCHAR2(10) REFERENCES BAHAN(ID),
    QUANTITY INT NOT NULL,
    HARGA INT NOT NULL,
    SUBTOTAL INT NOT NULL
);

CREATE TABLE H_RESEP(
    ID VARCHAR2(10) PRIMARY KEY,
    NAMA VARCHAR2(100) NOT NULL
);

CREATE TABLE D_RESEP(
    ID_H_RESEP VARCHAR2(10) REFERENCES H_RESEP(ID) NOT NULL,
    ID_BAHAN VARCHAR2(10) REFERENCES BAHAN(ID) NOT NULL,
    QTY INT NOT NULL
);

CREATE TABLE JENIS_ROTI (
    ID VARCHAR2(10) PRIMARY KEY,
    NAMA_JENIS VARCHAR2(100) NOT NULL
);

CREATE TABLE ROTI(
    ID VARCHAR2(10) PRIMARY KEY,
	KODE VARCHAR2(12) NOT NULL,
    NAMA VARCHAR2(100) NOT NULL,
    DESKRIPSI VARCHAR2(200) NOT NULL,
    HARGA NUMBER(25) NOT NULL,
	STOK NUMBER(25) NOT NULL,
    STATUS INT NOT NULL,
    JENIS_ROTI VARCHAR(10) REFERENCES JENIS_ROTI(ID) NOT NULL,
    FK_RESEP VARCHAR2(10) REFERENCES H_RESEP(ID) NOT NULL,
	PICTURE_LOCATION VARCHAR2(255) NOT NULL
);
-- STATUS ROTI
-- 0 : TIDAK PRODUKSI
-- 1 : PRODUKSI

CREATE TABLE JABATAN(
    ID VARCHAR2(10) PRIMARY KEY,
    NAMA_JABATAN VARCHAR2(100) NOT NULL
);

CREATE TABLE KARYAWAN(
    ID VARCHAR2(10) PRIMARY KEY,
	KODE VARCHAR2(12) NOT NULL,
    USERNAME VARCHAR2(100) NOT NULL,
    PASSWORD VARCHAR2(100) NOT NULL,
    NAMA VARCHAR(100) NOT NULL,
    JENIS_KELAMIN VARCHAR(1) NOT NULL CONSTRAINT CH_JENIS_KELAMIN CHECK(JENIS_KELAMIN = 'L' OR JENIS_KELAMIN = 'P'),
    ALAMAT VARCHAR2(100) NOT NULL,
    EMAIL VARCHAR(50) NOT NULL,
    NO_TELP VARCHAR(15) NOT NULL,
    TANGGAL_LAHIR DATE NOT NULL,
    STATUS INT NOT NULL,
    FK_JABATAN VARCHAR(10) REFERENCES JABATAN(ID),
	PICTURE_LOCATION VARCHAR2(255) NOT NULL
);
-- STATUS KARYAWAN
-- 0 : TIDAK AKTIF
-- 1 : AKTIF

CREATE TABLE PELANGGAN(
    ID VARCHAR2(10) PRIMARY KEY,
	KODE VARCHAR2(12) NOT NULL,
    USERNAME VARCHAR2(100) NOT NULL,
    PASSWORD VARCHAR2(100) NOT NULL,
    NAMA VARCHAR(100) NOT NULL,
    JENIS_KELAMIN VARCHAR(1) NOT NULL CONSTRAINT CK_JENIS_KELAMIN CHECK(JENIS_KELAMIN = 'L' OR JENIS_KELAMIN = 'P'),
    ALAMAT VARCHAR2(100) NOT NULL,
    EMAIL VARCHAR(50) NOT NULL,
    NO_TELP VARCHAR(15) NOT NULL,
    TANGGAL_LAHIR DATE NOT NULL,
    STATUS INT NOT NULL,
	PICTURE_LOCATION VARCHAR2(255) NOT NULL
);
-- STATUS PELANGGAN
-- 0 : TIDAK AKTIF
-- 1 : AKTIF

CREATE TABLE VOUCHER(
    ID VARCHAR2(10) PRIMARY KEY,
    NAMA VARCHAR(100) NOT NULL,
    JENIS VARCHAR(15) NOT NULL,
    POTONGAN INT NOT NULL
);

CREATE TABLE H_TRANS(
    NOMOR_NOTA VARCHAR2(15) PRIMARY KEY,
    TANGGAL_TRANS DATE NOT NULL,
    TOTAL INT NOT NULL,
    FK_KARYAWAN VARCHAR2(10) REFERENCES KARYAWAN(ID),
    FK_PELANGGAN VARCHAR2(10) REFERENCES PELANGGAN(ID),
    METODE_PEMBAYARAN VARCHAR2(10) NOT NULL,
    STATUS INT NOT NULL
);
-- STATUS H_TRANS 
-- 0 : Belum Bayar
-- 1 : Request Sudah Bayar
-- 2 : Sudah Bayar
-- 3 : Cancelled

CREATE TABLE D_TRANS(
    NOMOR_NOTA VARCHAR2(15) REFERENCES H_TRANS(NOMOR_NOTA),
    FK_ROTI VARCHAR2(10) REFERENCES ROTI(ID),
    QUANTITY INT NOT NULL,
    HARGA INT NOT NULL,
    SUBTOTAL INT NOT NULL
);

CREATE TABLE USER_VOUCHER(
    ID INT PRIMARY KEY,
    FK_PELANGGAN VARCHAR2(10) REFERENCES PELANGGAN(ID),
    FK_VOUCHER VARCHAR2(10) REFERENCES VOUCHER(ID),
    STATUS INT NOT NULL
);
-- STATUS USER_VOUCHER
-- 0: Aktif
-- 1: Non-Aktif

-- SUPPLIER
INSERT INTO SUPPLIER VALUES(1, 'PTCA00001', 'PT Cahaya Ku Terang', 'Jalan Sabang Sampai Merauka No. 54', 'cahayakuterang@gmail.co.id', 082234478423);
INSERT INTO SUPPLIER VALUES(2, 'TOBA00001', 'Toko Bahan Kue Sylvia', 'Jalan Jalan Terus Aja Bang No. 32', 'cangkulenak@gmail.com', 083111554038);
INSERT INTO SUPPLIER VALUES(3, 'TOHA00001', 'Toko Handi Jaya', 'Jalan Walikota Mustafa No. 2a', 'handihandikong@gmail.co.id', 081234459247);
INSERT INTO SUPPLIER VALUES(4, 'TOJA00001', 'Toko Jaya Abadi', 'Jalan Halo halo Surabaya No. 4d', 'jayaabadi@gmail.com', 087132612371);
INSERT INTO SUPPLIER VALUES(5, 'PTHA00001', 'PT Hariku Cerah', 'Jalan Diponorogo No. 37', 'cerahhariku@gmail.com', 08312314123);
INSERT INTO SUPPLIER VALUES(6, 'TOBA00002', 'Toko Bahan Kue Langkah', 'Jalan Wakil Walikota Mustofa No. 4a', 'uhsheup@gmail.com', 081241231237);
INSERT INTO SUPPLIER VALUES(7, 'TOBA00003', 'Toko Bahan Kue Gledek', 'Jalan Buderan IH No. 78', 'tokogledek@gmail.com', 088123659285);
INSERT INTO SUPPLIER VALUES(8, 'PTTI00001', 'PT Tiga Gajah', 'Jalan Tiga Semut IV/29', 'tigagajah@gmail.com', 0872658923658);
INSERT INTO SUPPLIER VALUES(9, 'PTSE00001', 'PT Segitiga Pelangi', 'Jalan Angkat Kaki V No. 42', 'segitigapelangi@gmail.com', 082572638259);
INSERT INTO SUPPLIER VALUES(10, 'PTSE00001', 'Toko Sering Laku', 'Jalan Bagel No. 65', 'seringlaku@gmail.com', 087265916824);
INSERT INTO SUPPLIER VALUES(11, 'TOBA00004', 'Toko Bahan Kue Dua Anak', 'Jalan Anak Kembar No. 241', 'duaanak@gmail.com', 085726382592);

-- JENIS_BAHAN
INSERT INTO JENIS_BAHAN VALUES(1, 'FERMIPAN');
INSERT INTO JENIS_BAHAN VALUES(2, 'BAKING POWDER');
INSERT INTO JENIS_BAHAN VALUES(3, 'TEPUNG TERIGU');
INSERT INTO JENIS_BAHAN VALUES(4, 'BUTTER');
INSERT INTO JENIS_BAHAN VALUES(5, 'MARGARIN');
INSERT INTO JENIS_BAHAN VALUES(6, 'SUSU CAIR');
INSERT INTO JENIS_BAHAN VALUES(7, 'SUSU BUBUK');
INSERT INTO JENIS_BAHAN VALUES(8, 'RAGI');

-- BAHAN
INSERT INTO BAHAN VALUES(1, 'KOKO00001', 'KOEPOE KOEPOE', 5, 3000, 'GRAM', 2, 1, 'KOKO00001.jpg');
INSERT INTO BAHAN VALUES(2, 'SEKU00001', 'SEDAP KUE', 3, 3500, 'GRAM', 1, 1, 'SEKU00001.jpg');
INSERT INTO BAHAN VALUES(3, 'HERC00001', 'HERCULES', 5, 6500, 'GRAM', 2, 2, 'HERC00001.jpg');
INSERT INTO BAHAN VALUES(4, 'SEBI00001', 'SEGITIGA BIRU', 3, 15000, 'GRAM', 3, 2, 'SEBI00001.jpg');
INSERT INTO BAHAN VALUES(5, 'CAKE00001', 'CAKRA KEMBAR', 4, 12000, 'GRAM', 3, 2, 'CAKE00001.jpg');
INSERT INTO BAHAN VALUES(6, 'KUBI00001', 'KUNCI BIRU', 4, 13000, 'GRAM', 3, 3, 'KUBI00001.jpg');
INSERT INTO BAHAN VALUES(7, 'ANCH00001', 'ANCHOR', 10, 5000, 'GRAM', 4, 4, 'ANCH00001.jpg');
INSERT INTO BAHAN VALUES(8, 'ELVI00001', 'ELLE VIRE', 10, 6000, 'GRAM', 4, 4, 'ELVI00001.jpg');
INSERT INTO BAHAN VALUES(9, 'ORCH00001', 'ORCHID', 6, 9000, 'GRAM', 4, 5, 'ORCH00001.jpg');
INSERT INTO BAHAN VALUES(10, 'BLBA00001', 'BLUE BAND', 10, 6000, 'GRAM', 5, 5, 'BLBA00001.jpg');
INSERT INTO BAHAN VALUES(11, 'PALM00001', 'PALMIA', 8, 15000, 'GRAM', 5, 6, 'PALM00001.jpg');
INSERT INTO BAHAN VALUES(12, 'DIUH00001', 'DIAMOND UHT', 5, 10000, 'mL', 6, 8, 'DIUH00001.jpg');
INSERT INTO BAHAN VALUES(13, 'GRSK00001', 'GREENFIELD SKIMMED', 5, 12000, 'mL', 6, 9, 'GRSK00001.jpg');
INSERT INTO BAHAN VALUES(14, 'DANC00001', 'DANCOW', 10, 25000, 'GRAM', 7, 10, 'DANC00001.jpg');
INSERT INTO BAHAN VALUES(15, 'INDO00001', 'INDOMILK', 10, 15000, 'GRAM', 7, 11, 'INDO00001.jpg');
INSERT INTO BAHAN VALUES(16, 'NEGO00001', 'NEVADA GOLD', 8, 30000, 'GRAM', 8, 9, 'NEGO00001.jpg');

-- H_BELI_BAHAN
INSERT INTO H_BELI_BAHAN VALUES('BELI20201226001', TO_DATE('26-12-2020', 'DD-MM-YYYY'), 31000, 1);
INSERT INTO H_BELI_BAHAN VALUES('BELI20201226002', TO_DATE('26-12-2020', 'DD-MM-YYYY'), 21000, 2);
INSERT INTO H_BELI_BAHAN VALUES('BELI20201227001', TO_DATE('27-12-2020', 'DD-MM-YYYY'), 67000, 4);
INSERT INTO H_BELI_BAHAN VALUES('BELI20201229001', TO_DATE('29-12-2020', 'DD-MM-YYYY'), 9000, 1);
INSERT INTO H_BELI_BAHAN VALUES('BELI20201229002', TO_DATE('29-12-2020', 'DD-MM-YYYY'), 135000, 3);

-- D_BELI_BAHAN
INSERT INTO D_BELI_BAHAN VALUES('BELI20201226001', 1, 3, 3000, 9000);
INSERT INTO D_BELI_BAHAN VALUES('BELI20201226001', 2, 2, 3500, 7000);
INSERT INTO D_BELI_BAHAN VALUES('BELI20201226001', 4, 1, 15000, 15000);
INSERT INTO D_BELI_BAHAN VALUES('BELI20201226002', 9, 1, 9000, 9000);
INSERT INTO D_BELI_BAHAN VALUES('BELI20201226002', 10, 2, 6000, 12000);
INSERT INTO D_BELI_BAHAN VALUES('BELI20201227001', 6, 1, 13000, 13000);
INSERT INTO D_BELI_BAHAN VALUES('BELI20201227001', 8, 5, 6000, 30000);
INSERT INTO D_BELI_BAHAN VALUES('BELI20201227001', 13, 2, 12000, 24000);
INSERT INTO D_BELI_BAHAN VALUES('BELI20201229001', 1, 3, 3000, 9000);
INSERT INTO D_BELI_BAHAN VALUES('BELI20201229002', 14, 3, 25000, 75000);
INSERT INTO D_BELI_BAHAN VALUES('BELI20201229002', 15, 4, 15000, 60000);

-- H_RESEP
INSERT INTO H_RESEP VALUES(1, 'RESEP CROISSANT');
INSERT INTO H_RESEP VALUES(2, 'RESEP ');
INSERT INTO H_RESEP VALUES(3, 'RESEP ');
INSERT INTO H_RESEP VALUES(4, 'RESEP ');
INSERT INTO H_RESEP VALUES(5, 'RESEP ');
INSERT INTO H_RESEP VALUES(6, 'RESEP ');
INSERT INTO H_RESEP VALUES(7, 'RESEP ');
INSERT INTO H_RESEP VALUES(8, 'RESEP ');
INSERT INTO H_RESEP VALUES(9, 'RESEP ');
INSERT INTO H_RESEP VALUES(10, 'RESEP ');
INSERT INTO H_RESEP VALUES(11, 'RESEP ');

-- D_RESEP
INSERT INTO D_RESEP VALUES(1, 1, 3);
INSERT INTO D_RESEP VALUES(1, 2, 1);
INSERT INTO D_RESEP VALUES(0, 0, 0);
INSERT INTO D_RESEP VALUES(0, 0, 0);
INSERT INTO D_RESEP VALUES(0, 0, 0);
INSERT INTO D_RESEP VALUES(0, 0, 0);
INSERT INTO D_RESEP VALUES(0, 0, 0);
INSERT INTO D_RESEP VALUES(0, 0, 0);
INSERT INTO D_RESEP VALUES(0, 0, 0);
INSERT INTO D_RESEP VALUES(0, 0, 0);
INSERT INTO D_RESEP VALUES(0, 0, 0);
INSERT INTO D_RESEP VALUES(0, 0, 0);
INSERT INTO D_RESEP VALUES(0, 0, 0);

-- JENIS_ROTI
INSERT INTO JENIS_ROTI VALUES(1, 'BREAD');
INSERT INTO JENIS_ROTI VALUES(2, 'TOAST');
INSERT INTO JENIS_ROTI VALUES(3, 'WHOLE CAKE');
INSERT INTO JENIS_ROTI VALUES(4, 'DRY CAKE');
INSERT INTO JENIS_ROTI VALUES(5, 'COOKIES');

-- ROTI
INSERT INTO ROTI VALUES(1, 'CROI00001', 'CROISSANT', 'A VERY EXQUISITE BREAD', 9000, 10, 1, 1, 1, 'a');
INSERT INTO ROTI VALUES(2, 'RATO00001', 'RAISIN TOAST', 'HEALTHY!', 16000, 7, 1, 2, 2, 'a');
INSERT INTO ROTI VALUES(3, '', '', '', 0, 0, 0, 0, 'a');
INSERT INTO ROTI VALUES(4, '', '', '', 0, 0, 0, 0, 'a');

-- JABATAN
INSERT INTO JABATAN VALUES(1, 'KARYAWAN');
INSERT INTO JABATAN VALUES(2, 'MANAGER');
INSERT INTO JABATAN VALUES(3, 'CHEF');
INSERT INTO JABATAN VALUES(4, '');
INSERT INTO JABATAN VALUES(5, '');

-- KARYAWAN
INSERT INTO KARYAWAN VALUES(1, 'BURA00001', 'BudiR', 'BudiR', 'Budi Raharja', 'L', 'Jalan Mendoan No. 4', 'budiraharja@gmail.com', 082114670146, TO_DATE('03/08/1986', 'dd/mm/yyyy'), 1, 1, 'a');
INSERT INTO KARYAWAN VALUES(2, 'SEAD00001', 'SetyoA', 'SetyoA', 'Setyo Adi', 'L', 'Jalan Pavilion No. 21', 'setyoadi@gmail.com', 082241246613, TO_DATE('13/06/1987', 'dd/mm/yyyy'), 1, 1, 'a');
INSERT INTO KARYAWAN VALUES(3, 'MEPU00001', 'MelianaP', 'MelianaP', 'Meliana Purnama', 'P', 'Jalan Ngagel Jaya No. 26', 'melianapurnama@gmail.com', 081257224666, TO_DATE('01/06/1990', 'dd/mm/yyyy'), 1, 2, 'a');
INSERT INTO KARYAWAN VALUES(4, '', '', 'P', '', '', 0, 0, 0, 'a');

-- PELANGGAN
INSERT INTO PELANGGAN VALUES(1, 'RATR00001', 'RaymondT', 'RaymondT', 'Raymond Tranatung', 'L', 'Jalan Penampungan No. 6', 'raymondt@gmail.com', 08345671222, TO_DATE('13/06/2001', 'dd/mm/yyyy'), 1, 'a');
INSERT INTO PELANGGAN VALUES(2, 'LUGE00001', 'LucianaG', 'LucianaG', 'Luciana Geraldine', 'P', 'Jalan Penampungan No. 9', 'lucianaa@gmail.com', 08512222451, TO_DATE('06/06/2001', 'dd/mm/yyyy'), 1, 'a');
INSERT INTO PELANGGAN VALUES(3, 'aaaa00001', 'a', 'a', 'Test Dummy', 'L', 'Jalan Jalan', 'email@gmail.com', 08123456789, TO_DATE('01/01/2001', 'dd/mm/yyyy'), 1, 'a');

-- VOURCHER
INSERT INTO VOUCHER VALUES(1, 'HEMATDULUBOS', 'POTONGAN', 30000);
INSERT INTO VOUCHER VALUES(2, 'DISKONMURAH', 'POTONGAN', 15000);
INSERT INTO VOUCHER VALUES(3, 'BREADTOKAEREK', 'DISKON', 30);
INSERT INTO VOUCHER VALUES(4, 'ROYALFAMILY', 'DISKON', 50);
INSERT INTO VOUCHER VALUES(5, 'BREADTOKDONG', 'POTONGAN', 25000);

-- H_TRANS
INSERT INTO H_TRANS VALUES('NOTA20210114001', TO_DATE('14-01-2021', 'DD-MM-YYYY'), 61000, 1, 2, 'OVO', 1);
INSERT INTO H_TRANS VALUES('NOTA20210114002', TO_DATE('14-01-2021', 'DD-MM-YYYY'), 126000, 1, 1, 'OVO', 1);
INSERT INTO H_TRANS VALUES('NOTA20210206001', TO_DATE('06-02-2021', 'DD-MM-YYYY'), 14000, 2, 1, 'GO-PAY', 0);
INSERT INTO H_TRANS VALUES('NOTA20210207001', TO_DATE('07-02-2021', 'DD-MM-YYYY'), 53000, 2, 2, 'SHOPEEPAY', 1);

-- D_TRANS
INSERT INTO D_TRANS VALUES('NOTA20210114001', 1, 5, 9000, 45000);
INSERT INTO D_TRANS VALUES('NOTA20210114001', 2, 1, 16000, 16000);
INSERT INTO D_TRANS VALUES('', 0, 0, 0, 0);

-- USER_VOUCHER
INSERT INTO USER_VOUCHER VALUES(1, 3, 1, 1);
INSERT INTO USER_VOUCHER VALUES(2, 3, 2, 1);
INSERT INTO USER_VOUCHER VALUES(3, 3, 3, 1);

commit;

